node,community
0,0
1,1
2,2
3,3
4,4
5,5
6,6
7,4
8,7
9,8
10,9
11,10
12,4
13,11
14,10
15,0
16,9
17,12
18,13
19,6
20,6
21,13
22,14
23,15
24,3
25,7
26,5
27,16
28,6
29,17
30,18
31,19
32,20
33,7
34,6
35,14
36,5
37,16
38,6
39,20
40,0
41,9
42,10
43,21
44,0
45,0
46,20
47,16
48,0
49,7
50,9
51,13
52,4
53,21
54,20
55,13
56,4
57,13
58,13
59,22
60,11
61,2
62,7
63,14
64,13
65,3
66,9
67,12
68,0
69,10
70,1
71,7
72,22
73,6
74,16
75,6
76,12
77,23
78,12
79,7
80,16
81,7
82,0
83,9
84,5
85,23
86,10
87,6
88,7
89,13
90,0
91,15
92,18
93,15
94,1
95,5
96,7
97,1
98,0
99,14
100,10
101,15
102,7
103,16
104,0
105,14
106,14
107,24
108,12
109,4
110,10
111,0
112,21
113,2
114,7
115,25
116,7
117,12
118,0
119,6
120,12
121,13
122,7
123,11
124,7
125,26
126,0
127,1
128,12
129,2
130,21
131,6
132,0
133,12
134,6
135,7
136,1
137,14
138,14
139,14
140,17
141,17
142,23
143,12
144,5
145,23
146,0
147,6
148,22
149,12
150,9
151,9
152,15
153,11
154,27
155,5
156,25
157,16
158,16
159,0
160,15
161,8
162,5
163,5
164,13
165,0
166,0
167,15
168,10
169,3
170,13
171,0
172,2
173,12
174,21
175,10
176,2
177,13
178,9
179,4
180,1
181,10
182,10
183,14
184,22
185,28
186,18
187,10
188,2
189,13
190,23
191,10
192,0
193,0
194,21
195,6
196,0
197,14
198,12
199,2
200,16
201,15
202,3
203,13
204,24
205,6
206,8
207,23
208,9
209,18
210,8
211,12
212,0
213,16
214,5
215,26
216,13
217,0
218,9
219,16
220,13
221,2
222,24
223,20
224,10
225,1
226,6
227,15
228,13
229,1
230,13
231,27
232,7
233,1
234,0
235,16
236,23
237,16
238,2
239,5
240,18
241,15
242,23
243,22
244,15
245,23
246,11
247,10
248,2
249,25
250,18
251,13
252,16
253,1
254,2
255,27
256,0
257,23
258,6
259,14
260,7
261,12
262,7
263,7
264,18
265,5
266,13
267,29
268,15
269,15
270,21
271,10
272,21
273,27
274,9
275,7
276,13
277,2
278,15
279,9
280,13
281,26
282,18
283,23
284,15
285,25
286,13
287,6
288,16
289,0
290,10
291,7
292,23
293,27
294,12
295,6
296,10
297,19
298,7
299,3
300,8
301,19
302,23
303,15
304,6
305,10
306,16
307,13
308,7
309,26
310,10
311,6
312,1
313,27
314,0
315,21
316,2
317,1
318,7
319,5
320,20
321,10
322,11
323,6
324,0
325,6
326,10
327,0
328,7
329,15
330,8
331,3
332,13
333,7
334,26
335,10
336,0
337,13
338,10
339,7
340,17
341,3
342,0
343,10
344,2
345,9
346,25
347,21
348,20
349,13
350,25
351,14
352,7
353,6
354,23
355,21
356,5
357,4
358,6
359,17
360,8
361,0
362,0
363,15
364,7
365,12
366,8
367,10
368,6
369,11
370,10
371,16
372,10
373,16
374,5
375,5
376,16
377,10
378,5
379,9
380,21
381,0
382,5
383,7
384,6
385,8
386,21
387,10
388,25
389,15
390,0
391,10
392,23
393,0
394,4
395,9
396,26
397,6
398,26
399,9
400,1
401,9
402,5
403,22
404,5
405,18
406,2
407,5
408,5
409,18
410,9
411,15
412,4
413,23
414,6
415,12
416,11
417,25
418,16
419,24
420,10
421,13
422,0
423,10
424,9
425,7
426,12
427,10
428,22
429,11
430,10
431,14
432,1
433,10
434,13
435,10
436,16
437,17
438,0
439,23
440,18
441,2
442,4
443,7
444,1
445,23
446,7
447,21
448,14
449,2
450,1
451,15
452,20
453,10
454,17
455,14
456,13
457,6
458,5
459,2
460,16
461,26
462,6
463,5
464,14
465,1
466,27
467,6
468,6
469,9
470,25
471,13
472,0
473,26
474,13
475,6
476,16
477,10
478,7
479,15
480,13
481,9
482,15
483,1
484,10
485,26
486,15
487,0
488,7
489,10
490,25
491,23
492,5
493,18
494,27
495,5
496,7
497,9
498,12
499,12
500,15
501,0
502,5
503,6
504,7
505,23
506,20
507,2
508,4
509,18
510,4
511,15
512,9
513,6
514,16
515,15
516,9
517,18
518,4
519,25
520,14
521,6
522,15
523,10
524,10
525,26
526,1
527,22
528,7
529,25
530,6
531,18
532,23
533,1
534,11
535,12
536,7
537,2
538,0
539,12
540,0
541,18
542,0
543,27
544,3
545,21
546,0
547,18
548,15
549,23
550,3
551,24
552,2
553,25
554,5
555,13
556,1
557,14
558,1
559,21
560,3
561,6
562,12
563,2
564,10
565,9
566,9
567,7
568,6
569,7
570,4
571,10
572,7
573,17
574,22
575,6
576,5
577,7
578,16
579,18
580,2
581,9
582,25
583,10
584,19
585,8
586,12
587,14
588,14
589,26
590,13
591,10
592,10
593,26
594,14
595,17
596,6
597,22
598,1
599,15
600,6
601,10
602,15
603,5
604,1
605,1
606,10
607,19
608,0
609,23
610,23
611,14
612,13
613,2
614,16
615,0
616,20
617,13
618,12
619,0
620,0
621,30
622,27
623,0
624,7
625,18
626,12
627,10
628,16
629,23
630,12
631,20
632,4
633,16
634,16
635,23
636,6
637,25
638,7
639,11
640,0
641,13
642,16
643,26
644,21
645,15
646,0
647,3
648,8
649,26
650,21
651,6
652,13
653,26
654,1
655,2
656,5
657,15
658,16
659,12
660,15
661,5
662,23
663,15
664,6
665,10
666,1
667,2
668,25
669,21
670,6
671,3
672,10
673,0
674,1
675,14
676,13
677,6
678,3
679,10
680,12
681,6
682,10
683,10
684,20
685,2
686,6
687,3
688,1
689,7
690,20
691,4
692,23
693,13
694,6
695,13
696,13
697,12
698,11
699,9
700,1
701,13
702,4
703,18
704,6
705,27
706,11
707,16
708,6
709,21
710,14
711,4
712,4
713,15
714,3
715,11
716,25
717,3
718,2
719,1
720,20
721,13
722,10
723,9
724,21
725,11
726,21
727,6
728,15
729,23
730,8
731,0
732,25
733,4
734,21
735,2
736,3
737,6
738,26
739,0
740,13
741,9
742,6
743,8
744,7
745,22
746,24
747,22
748,15
749,2
750,22
751,12
752,10
753,21
754,22
755,6
756,3
757,9
758,2
759,10
760,27
761,3
762,12
763,22
764,13
765,7
766,14
767,9
768,7
769,10
770,19
771,7
772,6
773,7
774,11
775,14
776,26
777,11
778,16
779,12
780,16
781,3
782,6
783,8
784,21
785,15
786,17
787,8
788,14
789,7
790,10
791,23
792,4
793,21
794,10
795,0
796,11
797,13
798,15
799,26
800,3
801,16
802,6
803,7
804,11
805,23
806,16
807,24
808,12
809,13
810,5
811,10
812,6
813,5
814,0
815,5
816,11
817,9
818,13
819,10
820,8
821,9
822,6
823,27
824,13
825,27
826,12
827,23
828,25
829,7
830,16
831,25
832,1
833,10
834,6
835,24
836,7
837,13
838,6
839,27
840,10
841,2
842,6
843,3
844,12
845,10
846,10
847,7
848,14
849,4
850,24
851,13
852,14
853,12
854,2
855,7
856,6
857,13
858,21
859,11
860,5
861,12
862,14
863,12
864,13
865,5
866,18
867,15
868,0
869,10
870,14
871,19
872,21
873,15
874,12
875,10
876,23
877,5
878,18
879,22
880,18
881,16
882,3
883,13
884,23
885,5
886,5
887,23
888,15
889,3
890,13
891,15
892,21
893,27
894,7
895,19
896,7
897,14
898,2
899,13
900,18
901,6
902,0
903,6
904,25
905,6
906,1
907,0
908,11
909,12
910,2
911,7
912,9
913,1
914,6
915,12
916,2
917,10
918,0
919,9
920,2
921,3
922,21
923,1
924,11
925,6
926,7
927,3
928,1
929,9
930,0
931,21
932,15
933,9
934,12
935,2
936,10
937,7
938,11
939,1
940,15
941,6
942,23
943,2
944,18
945,5
946,14
947,3
948,7
949,12
950,2
951,7
952,2
953,13
954,15
955,20
956,13
957,2
958,25
959,13
960,18
961,7
962,4
963,1
964,6
965,26
966,5
967,1
968,0
969,13
970,15
971,13
972,5
973,7
974,7
975,9
976,1
977,16
978,4
979,10
980,13
981,7
982,13
983,9
984,13
985,6
986,10
987,11
988,15
989,12
990,24
991,21
992,8
993,25
994,5
995,12
996,10
997,5
998,2
999,14
1000,26
1001,0
1002,13
1003,12
1004,12
1005,13
1006,0
1007,13
1008,0
1009,18
1010,20
1011,5
1012,11
1013,26
1014,13
1015,20
1016,13
1017,25
1018,0
1019,7
1020,2
1021,10
1022,6
1023,10
1024,16
1025,9
1026,7
1027,0
1028,25
1029,6
1030,0
1031,4
1032,11
1033,9
1034,18
1035,24
1036,0
1037,1
1038,1
1039,26
1040,16
1041,16
1042,15
1043,6
1044,27
1045,10
1046,13
1047,1
1048,3
1049,7
1050,7
1051,1
1052,6
1053,18
1054,5
1055,14
1056,7
1057,27
1058,9
1059,27
1060,25
1061,16
1062,10
1063,22
1064,7
1065,21
1066,23
1067,25
1068,7
1069,4
1070,3
1071,15
1072,1
1073,12
1074,25
1075,21
1076,14
1077,8
1078,9
1079,11
1080,22
1081,26
1082,3
1083,17
1084,2
1085,0
1086,18
1087,7
1088,10
1089,0
1090,2
1091,21
1092,8
1093,1
1094,21
1095,13
1096,1
1097,13
1098,10
1099,14
1100,24
1101,27
1102,1
1103,13
1104,23
1105,13
1106,2
1107,22
1108,18
1109,6
1110,16
1111,4
1112,13
1113,6
1114,14
1115,0
1116,10
1117,2
1118,17
1119,1
1120,13
1121,9
1122,21
1123,7
1124,23
1125,16
1126,15
1127,7
1128,5
1129,0
1130,27
1131,0
1132,22
1133,7
1134,6
1135,3
1136,15
1137,7
1138,7
1139,6
1140,6
1141,17
1142,12
1143,21
1144,27
1145,16
1146,18
1147,16
1148,16
1149,18
1150,16
1151,13
1152,23
1153,5
1154,10
1155,7
1156,20
1157,21
1158,22
1159,12
1160,0
1161,27
1162,12
1163,12
1164,12
1165,3
1166,11
1167,7
1168,18
1169,15
1170,9
1171,6
1172,15
1173,1
1174,7
1175,5
1176,5
1177,0
1178,26
1179,13
1180,8
1181,6
1182,25
1183,5
1184,15
1185,11
1186,26
1187,9
1188,11
1189,16
1190,12
1191,15
1192,10
1193,23
1194,27
1195,11
1196,23
1197,5
1198,13
1199,2
1200,9
1201,1
1202,5
1203,14
1204,10
1205,11
1206,10
1207,1
1208,12
1209,13
1210,13
1211,11
1212,3
1213,22
1214,22
1215,14
1216,0
1217,0
1218,1
1219,22
1220,7
1221,13
1222,6
1223,10
1224,14
1225,7
1226,26
1227,10
1228,0
1229,22
1230,10
1231,2
1232,22
1233,12
1234,9
1235,13
1236,2
1237,5
1238,12
1239,6
1240,13
1241,16
1242,12
1243,23
1244,14
1245,5
1246,24
1247,4
1248,16
1249,2
1250,17
1251,0
1252,0
1253,6
1254,21
1255,16
1256,27
1257,6
1258,8
1259,12
1260,8
1261,1
1262,9
1263,3
1264,10
1265,21
1266,12
1267,10
1268,14
1269,25
1270,2
1271,7
1272,21
1273,16
1274,25
1275,13
1276,12
1277,13
1278,5
1279,7
1280,7
1281,17
1282,10
1283,10
1284,18
1285,17
1286,15
1287,5
1288,14
1289,16
1290,6
1291,13
1292,2
1293,6
1294,18
1295,1
1296,21
1297,9
1298,3
1299,19
1300,22
1301,9
1302,12
1303,20
1304,20
1305,10
1306,4
1307,15
1308,12
1309,14
1310,7
1311,16
1312,23
1313,7
1314,16
1315,12
1316,22
1317,26
1318,1
1319,2
1320,25
1321,14
1322,5
1323,2
1324,25
1325,1
1326,13
1327,3
1328,15
1329,11
1330,12
1331,0
1332,6
1333,5
1334,18
1335,21
1336,12
1337,15
1338,2
1339,19
1340,9
1341,11
1342,23
1343,1
1344,23
1345,1
1346,7
1347,22
1348,18
1349,10
1350,6
1351,5
1352,14
1353,19
1354,13
1355,16
1356,13
1357,15
1358,24
1359,21
1360,7
1361,2
1362,5
1363,10
1364,0
1365,6
1366,9
1367,3
1368,1
1369,4
1370,9
1371,18
1372,22
1373,2
1374,7
1375,12
1376,0
1377,7
1378,0
1379,9
1380,2
1381,14
1382,26
1383,14
1384,4
1385,1
1386,3
1387,13
1388,26
1389,9
1390,1
1391,6
1392,4
1393,22
1394,12
1395,10
1396,12
1397,3
1398,10
1399,1
1400,3
1401,2
1402,9
1403,13
1404,20
1405,22
1406,22
1407,5
1408,18
1409,19
1410,23
1411,17
1412,23
1413,0
1414,15
1415,10
1416,13
1417,6
1418,0
1419,9
1420,6
1421,8
1422,23
1423,16
1424,21
1425,26
1426,13
1427,9
1428,1
1429,2
1430,26
1431,18
1432,1
1433,27
1434,22
1435,27
1436,2
1437,12
1438,13
1439,15
1440,9
1441,0
1442,7
1443,10
1444,13
1445,1
1446,5
1447,23
1448,16
1449,8
1450,0
1451,3
1452,0
1453,12
1454,2
1455,10
1456,0
1457,1
1458,14
1459,14
1460,6
1461,19
1462,7
1463,7
1464,6
1465,5
1466,3
1467,10
1468,22
1469,21
1470,17
1471,10
1472,2
1473,4
1474,7
1475,10
1476,7
1477,15
1478,6
1479,10
1480,6
1481,7
1482,13
1483,16
1484,17
1485,21
1486,13
1487,7
1488,15
1489,16
1490,10
1491,7
1492,6
1493,22
1494,2
1495,25
1496,10
1497,6
1498,15
1499,22
1500,10
1501,5
1502,6
1503,11
1504,2
1505,23
1506,13
1507,6
1508,0
1509,0
1510,13
1511,21
1512,0
1513,5
1514,10
1515,12
1516,23
1517,7
1518,12
1519,22
1520,0
1521,14
1522,5
1523,10
1524,9
1525,3
1526,5
1527,8
1528,14
1529,21
1530,10
1531,25
1532,18
1533,5
1534,3
1535,1
1536,14
1537,6
1538,19
1539,13
1540,13
1541,24
1542,6
1543,9
1544,19
1545,12
1546,18
1547,20
1548,6
1549,6
1550,9
1551,0
1552,5
1553,7
1554,15
1555,15
1556,27
1557,6
1558,0
1559,1
1560,22
1561,27
1562,12
1563,7
1564,13
1565,15
1566,9
1567,0
1568,3
1569,0
1570,27
1571,7
1572,0
1573,0
1574,13
1575,10
1576,7
1577,6
1578,22
1579,20
1580,15
1581,10
1582,20
1583,13
1584,25
1585,13
1586,16
1587,0
1588,6
1589,25
1590,2
1591,22
1592,25
1593,17
1594,8
1595,24
1596,7
1597,27
1598,11
1599,3
1600,9
1601,1
1602,12
1603,12
1604,6
1605,1
1606,1
1607,13
1608,25
1609,10
1610,6
1611,20
1612,10
1613,10
1614,13
1615,13
1616,10
1617,11
1618,25
1619,7
1620,1
1621,7
1622,1
1623,16
1624,6
1625,2
1626,19
1627,27
1628,7
1629,10
1630,15
1631,15
1632,27
1633,1
1634,6
1635,6
1636,17
1637,6
1638,18
1639,7
1640,1
1641,5
1642,2
1643,18
1644,12
1645,22
1646,9
1647,0
1648,2
1649,22
1650,6
1651,23
1652,6
1653,7
1654,27
1655,10
1656,10
1657,17
1658,25
1659,15
1660,10
1661,9
1662,26
1663,7
1664,7
1665,19
1666,18
1667,21
1668,17
1669,14
1670,4
1671,4
1672,26
1673,12
1674,14
1675,13
1676,0
1677,9
1678,13
1679,1
1680,22
1681,7
1682,6
1683,26
1684,1
1685,8
1686,25
1687,5
1688,7
1689,13
1690,11
1691,0
1692,1
1693,6
1694,10
1695,2
1696,16
1697,14
1698,26
1699,4
1700,22
1701,3
1702,10
1703,22
1704,19
1705,23
1706,7
1707,5
1708,16
1709,0
1710,4
1711,7
1712,23
1713,18
1714,0
1715,11
1716,2
1717,14
1718,26
1719,1
1720,20
1721,24
1722,7
1723,2
1724,5
1725,24
1726,23
1727,6
1728,5
1729,23
1730,23
1731,9
1732,27
1733,7
1734,3
1735,2
1736,2
1737,2
1738,16
1739,26
1740,16
1741,1
1742,0
1743,6
1744,21
1745,23
1746,10
1747,16
1748,14
1749,11
1750,10
1751,13
1752,6
1753,3
1754,26
1755,5
1756,6
1757,20
1758,18
1759,10
1760,22
1761,26
1762,0
1763,27
1764,16
1765,0
1766,18
1767,6
1768,13
1769,26
1770,16
1771,1
1772,1
1773,19
1774,19
1775,4
1776,19
1777,9
1778,8
1779,0
1780,0
1781,9
1782,15
1783,13
1784,23
1785,14
1786,11
1787,23
1788,9
1789,15
1790,17
1791,0
1792,25
1793,8
1794,24
1795,22
1796,1
1797,7
1798,10
1799,5
1800,13
1801,4
1802,22
1803,3
1804,3
1805,19
1806,10
1807,6
1808,14
1809,11
1810,16
1811,6
1812,25
1813,1
1814,21
1815,20
1816,0
1817,12
1818,13
1819,13
1820,2
1821,10
1822,7
1823,16
1824,7
1825,2
1826,10
1827,9
1828,7
1829,18
1830,18
1831,1
1832,22
1833,14
1834,16
1835,2
1836,11
1837,4
1838,27
1839,2
1840,21
1841,14
1842,9
1843,0
1844,0
1845,7
1846,15
1847,5
1848,23
1849,12
1850,2
1851,16
1852,11
1853,2
1854,6
1855,5
1856,5
1857,25
1858,12
1859,24
1860,12
1861,13
1862,17
1863,31
1864,1
1865,18
1866,13
1867,23
1868,8
1869,1
1870,27
1871,16
1872,25
1873,26
1874,0
1875,9
1876,6
1877,25
1878,1
1879,11
1880,22
1881,21
1882,6
1883,12
1884,15
1885,0
1886,10
1887,23
1888,1
1889,12
1890,9
1891,16
1892,23
1893,20
1894,18
1895,26
1896,3
1897,23
1898,12
1899,21
1900,25
1901,0
1902,14
1903,0
1904,2
1905,9
1906,21
1907,0
1908,13
1909,0
1910,13
1911,22
1912,6
1913,5
1914,27
1915,12
1916,2
1917,7
1918,26
1919,3
1920,18
1921,15
1922,18
1923,5
1924,0
1925,23
1926,13
1927,16
1928,14
1929,6
1930,24
1931,13
1932,7
1933,15
1934,14
1935,23
1936,6
1937,20
1938,17
1939,18
1940,23
1941,4
1942,5
1943,14
1944,5
1945,6
1946,26
1947,0
1948,26
1949,2
1950,13
1951,13
1952,3
1953,5
1954,9
1955,22
1956,14
1957,7
1958,14
1959,23
1960,0
1961,0
1962,7
1963,13
1964,6
1965,1
1966,9
1967,0
1968,2
1969,5
1970,14
1971,25
1972,22
1973,1
1974,2
1975,3
1976,15
1977,12
1978,5
1979,18
1980,1
1981,14
1982,13
1983,25
1984,9
1985,24
1986,2
1987,18
1988,23
1989,10
1990,22
1991,0
1992,14
1993,13
1994,0
1995,6
1996,7
1997,0
1998,26
1999,22
2000,21
2001,3
2002,7
2003,16
2004,21
2005,12
2006,3
2007,27
2008,13
2009,21
2010,25
2011,4
2012,15
2013,25
2014,15
2015,14
2016,4
2017,7
2018,26
2019,20
2020,14
2021,5
2022,7
2023,14
2024,24
2025,6
2026,2
2027,4
2028,11
2029,21
2030,3
2031,14
2032,19
2033,6
2034,12
2035,16
2036,23
2037,10
2038,14
2039,0
2040,23
2041,16
2042,6
2043,14
2044,16
2045,19
2046,13
2047,3
2048,13
2049,14
2050,23
2051,22
2052,23
2053,7
2054,0
2055,11
2056,6
2057,22
2058,23
2059,11
2060,10
2061,4
2062,32
2063,0
2064,9
2065,10
2066,10
2067,13
2068,3
2069,26
2070,13
2071,26
2072,9
2073,12
2074,11
2075,27
2076,16
2077,10
2078,26
2079,7
2080,15
2081,26
2082,3
2083,13
2084,26
2085,14
2086,14
2087,12
2088,4
2089,14
2090,2
2091,17
2092,5
2093,4
2094,10
2095,0
2096,10
2097,1
2098,8
2099,6
2100,7
2101,15
2102,9
2103,7
2104,2
2105,23
2106,7
2107,21
2108,2
2109,10
2110,6
2111,2
2112,16
2113,0
2114,2
2115,3
2116,13
2117,10
2118,1
2119,8
2120,16
2121,23
2122,16
2123,2
2124,5
2125,27
2126,23
2127,7
2128,1
2129,6
2130,23
2131,10
2132,13
2133,0
2134,0
2135,23
2136,18
2137,22
2138,17
2139,8
2140,12
2141,22
2142,3
2143,12
2144,10
2145,23
2146,10
2147,8
2148,5
2149,0
2150,21
2151,9
2152,14
2153,20
2154,23
2155,26
2156,7
2157,4
2158,23
2159,21
2160,16
2161,23
2162,3
2163,2
2164,6
2165,13
2166,9
2167,1
2168,4
2169,13
2170,11
2171,0
2172,18
2173,10
2174,25
2175,10
2176,12
2177,0
2178,6
2179,3
2180,10
2181,21
2182,10
2183,17
2184,7
2185,6
2186,2
2187,12
2188,1
2189,5
2190,16
2191,0
2192,0
2193,11
2194,10
2195,0
2196,21
2197,14
2198,5
2199,0
2200,12
2201,18
2202,3
2203,1
2204,0
2205,3
2206,6
2207,23
2208,17
2209,14
2210,19
2211,23
2212,5
2213,6
2214,13
2215,11
2216,5
2217,1
2218,10
2219,12
2220,10
2221,6
2222,16
2223,7
2224,11
2225,17
2226,15
2227,27
2228,27
2229,1
2230,15
2231,7
2232,6
2233,7
2234,19
2235,12
2236,0
2237,6
2238,4
2239,18
2240,13
2241,12
2242,0
2243,1
2244,1
2245,23
2246,16
2247,2
2248,13
2249,10
2250,2
2251,2
2252,7
2253,6
2254,9
2255,27
2256,19
2257,7
2258,24
2259,14
2260,27
2261,9
2262,16
2263,13
2264,14
2265,16
2266,2
2267,21
2268,8
2269,4
2270,7
2271,24
2272,12
2273,22
2274,12
2275,19
2276,6
2277,11
2278,9
2279,23
2280,2
2281,2
2282,18
2283,10
2284,23
2285,20
2286,8
2287,7
2288,14
2289,20
2290,12
2291,23
2292,21
2293,15
2294,3
2295,8
2296,1
2297,10
2298,7
2299,15
2300,17
2301,16
2302,12
2303,22
2304,22
2305,15
2306,3
2307,0
2308,18
2309,3
2310,5
2311,0
2312,6
2313,5
2314,6
2315,12
2316,2
2317,10
2318,18
2319,4
2320,15
2321,7
2322,6
2323,10
2324,14
2325,23
2326,17
2327,1
2328,15
2329,7
2330,23
2331,2
2332,9
2333,27
2334,4
2335,19
2336,2
2337,1
2338,0
2339,8
2340,22
2341,20
2342,20
2343,10
2344,13
2345,7
2346,7
2347,9
2348,18
2349,2
2350,18
2351,13
2352,10
2353,18
2354,20
2355,27
2356,25
2357,16
2358,10
2359,14
2360,3
2361,2
2362,26
2363,26
2364,23
2365,21
2366,0
2367,7
2368,7
2369,17
2370,12
2371,7
2372,16
2373,9
2374,4
2375,12
2376,5
2377,2
2378,3
2379,16
2380,7
2381,25
2382,14
2383,0
2384,2
2385,0
2386,4
2387,7
2388,5
2389,10
2390,6
2391,2
2392,0
2393,13
2394,10
2395,25
2396,2
2397,11
2398,15
2399,9
2400,10
2401,9
2402,23
2403,4
2404,12
2405,6
2406,10
2407,14
2408,6
2409,1
2410,23
2411,9
2412,22
2413,18
2414,9
2415,18
2416,0
2417,15
2418,19
2419,7
2420,26
2421,8
2422,13
2423,14
2424,3
2425,23
2426,24
2427,12
2428,9
2429,16
2430,22
2431,6
2432,14
2433,10
2434,14
2435,15
2436,13
2437,13
2438,13
2439,2
2440,7
2441,9
2442,18
2443,15
2444,13
2445,16
2446,16
2447,16
2448,22
2449,7
2450,9
2451,16
2452,6
2453,2
2454,25
2455,23
2456,7
2457,26
2458,1
2459,4
2460,11
2461,1
2462,12
2463,7
2464,16
2465,12
2466,11
2467,13
2468,23
2469,10
2470,2
2471,18
2472,19
2473,7
2474,22
2475,10
2476,5
2477,7
2478,2
2479,6
2480,16
2481,15
2482,16
2483,26
2484,9
2485,13
2486,6
2487,21
2488,8
2489,18
2490,10
2491,25
2492,27
2493,17
2494,10
2495,5
2496,0
2497,14
2498,13
2499,25
2500,6
2501,4
2502,23
2503,7
2504,7
2505,4
2506,16
2507,13
2508,21
2509,6
2510,16
2511,2
2512,0
2513,2
2514,15
2515,15
2516,6
2517,16
2518,13
2519,9
2520,3
2521,5
2522,6
2523,3
2524,9
2525,0
2526,21
2527,16
2528,10
2529,0
2530,17
2531,15
2532,23
2533,11
2534,14
2535,16
2536,10
2537,3
2538,11
2539,18
2540,1
2541,15
2542,9
2543,1
2544,17
2545,0
2546,26
2547,10
2548,5
2549,1
2550,7
2551,0
2552,27
2553,22
2554,10
2555,16
2556,0
2557,27
2558,0
2559,0
2560,2
2561,8
2562,1
2563,10
2564,7
2565,21
2566,12
2567,13
2568,1
2569,21
2570,21
2571,8
2572,12
2573,25
2574,23
2575,4
2576,9
2577,4
2578,2
2579,10
2580,7
2581,2
2582,6
2583,6
2584,5
2585,0
2586,13
2587,10
2588,27
2589,15
2590,5
2591,13
2592,26
2593,15
2594,7
2595,2
2596,16
2597,27
2598,15
2599,14
2600,12
2601,15
2602,7
2603,26
2604,0
2605,10
2606,6
2607,13
2608,15
2609,14
2610,6
2611,13
2612,1
2613,21
2614,9
2615,13
2616,10
2617,5
2618,17
2619,17
2620,6
2621,5
2622,15
2623,20
2624,13
2625,15
2626,24
2627,1
2628,8
2629,12
2630,1
2631,17
2632,12
2633,25
2634,15
2635,11
2636,16
2637,0
2638,17
2639,2
2640,13
2641,23
2642,17
2643,8
2644,13
2645,22
2646,2
2647,17
2648,14
2649,10
2650,13
2651,6
2652,25
2653,22
2654,18
2655,3
2656,17
2657,7
2658,11
2659,27
2660,3
2661,7
2662,1
2663,8
2664,2
2665,26
2666,7
2667,13
2668,10
2669,6
2670,27
2671,25
2672,0
2673,16
2674,15
2675,5
2676,7
2677,11
2678,1
2679,0
2680,22
2681,9
2682,14
2683,10
2684,3
2685,6
2686,24
2687,1
2688,15
2689,18
2690,10
2691,1
2692,16
2693,12
2694,1
2695,2
2696,1
2697,23
2698,12
2699,1
2700,19
2701,5
2702,4
2703,10
2704,19
2705,25
2706,14
2707,4
2708,10
2709,0
2710,1
2711,6
2712,17
2713,13
2714,26
2715,23
2716,19
2717,7
2718,14
2719,18
2720,0
2721,2
2722,2
2723,21
2724,23
2725,16
2726,27
2727,7
2728,6
2729,5
2730,6
2731,13
2732,33
2733,19
2734,16
2735,23
2736,15
2737,25
2738,13
2739,15
2740,6
2741,1
2742,10
2743,7
2744,10
2745,14
2746,6
2747,2
2748,10
2749,2
2750,6
2751,0
2752,11
2753,16
2754,2
2755,6
2756,14
2757,16
2758,10
2759,20
2760,7
2761,16
2762,13
2763,0
2764,14
2765,11
2766,12
2767,20
2768,9
2769,26
2770,7
2771,0
2772,6
2773,1
2774,13
2775,2
2776,27
2777,13
2778,9
2779,9
2780,18
2781,14
2782,19
2783,14
2784,9
2785,21
2786,23
2787,15
2788,14
2789,6
2790,2
2791,16
2792,0
2793,11
2794,0
2795,14
2796,27
2797,9
2798,26
2799,14
2800,0
2801,5
2802,7
2803,13
2804,10
2805,12
2806,15
2807,7
2808,13
2809,10
2810,6
2811,22
2812,16
2813,24
2814,15
2815,1
2816,5
2817,9
2818,14
2819,12
2820,15
2821,18
2822,15
2823,2
2824,14
2825,18
2826,2
2827,8
2828,21
2829,7
2830,17
2831,15
2832,10
2833,3
2834,6
2835,9
2836,1
2837,18
2838,3
2839,17
2840,13
2841,1
2842,26
2843,15
2844,1
2845,4
2846,6
2847,9
2848,26
2849,9
2850,23
2851,24
2852,26
2853,0
2854,23
2855,15
2856,11
2857,5
2858,5
2859,21
2860,7
2861,20
2862,10
2863,15
2864,16
2865,13
2866,7
2867,25
2868,26
2869,6
2870,6
2871,14
2872,2
2873,8
2874,9
2875,21
2876,9
2877,15
2878,2
2879,12
2880,1
2881,3
2882,7
2883,23
2884,13
2885,14
2886,6
2887,16
2888,14
2889,10
2890,5
2891,4
2892,4
2893,13
2894,0
2895,16
2896,15
2897,14
2898,10
2899,12
2900,27
2901,14
2902,25
2903,6
2904,10
2905,4
2906,7
2907,17
2908,7
2909,8
2910,13
2911,7
2912,5
2913,4
2914,7
2915,5
2916,10
2917,13
2918,12
2919,20
2920,7
2921,14
2922,16
2923,11
2924,5
2925,0
2926,1
2927,5
2928,6
2929,15
2930,16
2931,18
2932,21
2933,22
2934,2
2935,13
2936,16
2937,3
2938,4
2939,19
2940,18
2941,0
2942,20
2943,12
2944,18
2945,8
2946,14
2947,16
2948,9
2949,10
2950,20
2951,10
2952,9
2953,0
2954,13
2955,18
2956,2
2957,7
2958,19
2959,9
2960,2
2961,8
2962,13
2963,5
2964,13
2965,4
2966,7
2967,23
2968,20
2969,6
2970,5
2971,15
2972,24
2973,21
2974,2
2975,18
2976,24
2977,2
2978,6
2979,10
2980,8
2981,16
2982,7
2983,7
2984,15
2985,9
2986,16
2987,25
2988,12
2989,5
2990,14
2991,10
2992,13
2993,12
2994,23
2995,13
2996,1
2997,25
2998,27
2999,18
3000,22
3001,26
3002,12
3003,2
3004,0
3005,6
3006,13
3007,1
3008,3
3009,15
3010,18
3011,23
3012,4
3013,0
3014,2
3015,18
3016,7
3017,10
3018,13
3019,11
3020,10
3021,2
3022,12
3023,16
3024,0
3025,13
3026,12
3027,18
3028,15
3029,7
3030,13
3031,1
3032,10
3033,26
3034,7
3035,11
3036,9
3037,12
3038,21
3039,15
3040,10
3041,21
3042,5
3043,12
3044,6
3045,14
3046,13
3047,1
3048,21
3049,7
3050,3
3051,12
3052,14
3053,34
3054,7
3055,16
3056,18
3057,10
3058,6
3059,9
3060,3
3061,27
3062,4
3063,0
3064,27
3065,0
3066,10
3067,17
3068,13
3069,15
3070,7
3071,13
3072,23
3073,26
3074,21
3075,6
3076,26
3077,6
3078,9
3079,0
3080,24
3081,24
3082,0
3083,18
3084,7
3085,23
3086,3
3087,15
3088,9
3089,16
3090,16
3091,27
3092,13
3093,0
3094,7
3095,9
3096,23
3097,13
3098,16
3099,3
3100,10
3101,1
3102,15
3103,18
3104,10
3105,9
3106,27
3107,10
3108,27
3109,0
3110,27
3111,18
3112,16
3113,2
3114,6
3115,7
3116,7
3117,14
3118,7
3119,5
3120,1
3121,0
3122,19
3123,10
3124,7
3125,0
3126,1
3127,2
3128,23
3129,1
3130,13
3131,6
3132,0
3133,1
3134,8
3135,2
3136,8
3137,8
3138,24
3139,9
3140,27
3141,2
3142,0
3143,10
3144,5
3145,10
3146,27
3147,26
3148,9
3149,19
3150,0
3151,15
3152,0
3153,13
3154,4
3155,23
3156,25
3157,15
3158,13
3159,26
3160,27
3161,9
3162,7
3163,1
3164,13
3165,13
3166,23
3167,5
3168,7
3169,25
3170,16
3171,21
3172,27
3173,3
3174,4
3175,21
3176,8
3177,5
3178,13
3179,13
3180,10
3181,10
3182,2
3183,5
3184,3
3185,22
3186,27
3187,6
3188,13
3189,3
3190,1
3191,0
3192,7
3193,16
3194,26
3195,7
3196,3
3197,2
3198,4
3199,0
3200,6
3201,0
3202,25
3203,2
3204,13
3205,10
3206,0
3207,1
3208,20
3209,7
3210,2
3211,12
3212,26
3213,3
3214,7
3215,11
3216,22
3217,4
3218,8
3219,24
3220,8
3221,10
3222,23
3223,10
3224,6
3225,5
3226,15
3227,15
3228,13
3229,14
3230,14
3231,22
3232,23
3233,15
3234,19
3235,2
3236,11
3237,10
3238,13
3239,10
3240,16
3241,22
3242,25
3243,7
3244,1
3245,2
3246,2
3247,23
3248,7
3249,23
3250,0
3251,21
3252,1
3253,22
3254,13
3255,16
3256,13
3257,19
3258,3
3259,20
3260,25
3261,22
3262,35
3263,0
3264,15
3265,4
3266,25
3267,7
3268,18
3269,3
3270,0
3271,10
3272,5
3273,9
3274,27
3275,13
3276,23
3277,11
3278,5
3279,7
3280,17
3281,27
3282,9
3283,0
3284,13
3285,10
3286,0
3287,12
3288,6
3289,18
3290,10
3291,23
3292,12
3293,5
3294,16
3295,13
3296,8
3297,8
3298,23
3299,11
3300,6
3301,18
3302,15
3303,9
3304,2
3305,11
3306,15
3307,7
3308,10
3309,1
3310,13
3311,12
3312,7
3313,8
3314,10
3315,1
3316,6
3317,2
3318,3
3319,9
3320,6
3321,6
3322,6
3323,10
3324,2
3325,13
3326,6
3327,3
3328,1
3329,9
3330,16
3331,12
3332,3
3333,5
3334,22
3335,21
3336,25
3337,19
3338,5
3339,6
3340,7
3341,6
3342,10
3343,16
3344,14
3345,2
3346,12
3347,16
3348,23
3349,7
3350,0
3351,14
3352,13
3353,0
3354,15
3355,13
3356,16
3357,13
3358,16
3359,7
3360,16
3361,17
3362,20
3363,16
3364,24
3365,10
3366,7
3367,17
3368,24
3369,25
3370,9
3371,0
3372,0
3373,3
3374,22
3375,0
3376,21
3377,15
3378,11
3379,9
3380,4
3381,18
3382,5
3383,6
3384,12
3385,23
3386,10
3387,0
3388,22
3389,22
3390,2
3391,23
3392,7
3393,21
3394,18
3395,20
3396,9
3397,22
3398,26
3399,21
3400,2
3401,10
3402,14
3403,1
3404,10
3405,21
3406,17
3407,15
3408,21
3409,0
3410,10
3411,8
3412,8
3413,7
3414,12
3415,27
3416,5
3417,25
3418,12
3419,23
3420,16
3421,13
3422,14
3423,17
3424,9
3425,14
3426,1
3427,0
3428,12
3429,2
3430,6
3431,10
3432,9
3433,10
3434,6
3435,1
3436,7
3437,15
3438,0
3439,10
3440,18
3441,25
3442,13
3443,7
3444,5
3445,20
3446,8
3447,10
3448,22
3449,0
3450,2
3451,9
3452,11
3453,3
3454,5
3455,15
3456,6
3457,10
3458,9
3459,6
3460,8
3461,19
3462,5
3463,3
3464,13
3465,0
3466,4
3467,26
3468,2
3469,12
3470,0
3471,2
3472,2
3473,1
3474,0
3475,9
3476,1
3477,7
3478,3
3479,12
3480,21
3481,27
3482,11
3483,20
3484,10
3485,9
3486,6
3487,20
3488,25
3489,13
3490,1
3491,6
3492,7
3493,7
3494,0
3495,0
3496,15
3497,27
3498,10
3499,23
3500,10
3501,21
3502,20
3503,16
3504,16
3505,5
3506,9
3507,2
3508,13
3509,27
3510,13
3511,2
3512,15
3513,10
3514,16
3515,3
3516,21
3517,26
3518,26
3519,1
3520,3
3521,12
3522,12
3523,0
3524,19
3525,27
3526,7
3527,22
3528,2
3529,17
3530,9
3531,2
3532,5
3533,13
3534,9
3535,2
3536,4
3537,6
3538,6
3539,27
3540,17
3541,21
3542,13
3543,18
3544,16
3545,22
3546,27
3547,15
3548,0
3549,25
3550,15
3551,10
3552,12
3553,19
3554,11
3555,13
3556,21
3557,14
3558,10
3559,12
3560,17
3561,0
3562,16
3563,16
3564,26
3565,8
3566,13
3567,25
3568,16
3569,4
3570,22
3571,13
3572,13
3573,10
3574,0
3575,2
3576,13
3577,18
3578,18
3579,13
3580,4
3581,13
3582,19
3583,27
3584,4
3585,12
3586,23
3587,9
3588,6
3589,7
3590,7
3591,8
3592,12
3593,1
3594,6
3595,13
3596,16
3597,23
3598,9
3599,4
3600,7
3601,21
3602,24
3603,1
3604,12
3605,10
3606,15
3607,11
3608,20
3609,14
3610,5
3611,7
3612,9
3613,12
3614,0
3615,3
3616,21
3617,2
3618,11
3619,15
3620,15
3621,2
3622,2
3623,12
3624,15
3625,25
3626,3
3627,12
3628,1
3629,14
3630,14
3631,1
3632,10
3633,7
3634,5
3635,10
3636,7
3637,1
3638,1
3639,3
3640,0
3641,7
3642,9
3643,7
3644,12
3645,0
3646,7
3647,2
3648,2
3649,21
3650,27
3651,8
3652,21
3653,1
3654,0
3655,27
3656,0
3657,4
3658,23
3659,2
3660,1
3661,16
3662,15
3663,9
3664,14
3665,14
3666,1
3667,14
3668,0
3669,16
3670,19
3671,9
3672,6
3673,0
3674,13
3675,10
3676,6
3677,22
3678,14
3679,6
3680,2
3681,24
3682,2
3683,1
3684,6
3685,7
3686,2
3687,14
3688,1
3689,0
3690,10
3691,19
3692,25
3693,10
3694,0
3695,0
3696,9
3697,20
3698,23
3699,3
3700,0
3701,0
3702,21
3703,15
3704,10
3705,0
3706,16
3707,27
3708,10
3709,1
3710,9
3711,16
3712,18
3713,0
3714,13
3715,16
3716,13
3717,13
3718,9
3719,11
3720,23
3721,18
3722,13
3723,16
3724,2
3725,13
3726,18
3727,2
3728,1
3729,13
3730,21
3731,10
3732,2
3733,0
3734,8
3735,14
3736,17
3737,6
3738,7
3739,0
3740,9
3741,0
3742,13
3743,13
3744,15
3745,10
3746,1
3747,26
3748,21
3749,27
3750,0
3751,15
3752,6
3753,21
3754,10
3755,1
3756,9
3757,13
3758,13
3759,3
3760,13
3761,0
3762,0
3763,17
3764,4
3765,9
3766,6
3767,17
3768,22
3769,1
3770,10
3771,21
3772,14
3773,6
3774,5
3775,0
3776,7
3777,21
3778,10
3779,7
3780,18
3781,20
3782,12
3783,5
3784,1
3785,7
3786,10
3787,10
3788,2
3789,5
3790,25
3791,21
3792,9
3793,3
3794,13
3795,6
3796,13
3797,14
3798,6
3799,13
3800,1
3801,1
3802,20
3803,9
3804,7
3805,15
3806,14
3807,2
3808,16
3809,2
3810,12
3811,0
3812,13
3813,7
3814,15
3815,10
3816,10
3817,13
3818,16
3819,3
3820,10
3821,18
3822,23
3823,9
3824,6
3825,10
3826,0
3827,4
3828,4
3829,3
3830,20
3831,7
3832,1
3833,2
3834,0
3835,2
3836,13
3837,0
3838,19
3839,14
3840,25
3841,2
3842,14
3843,23
3844,2
3845,13
3846,2
3847,11
3848,18
3849,13
3850,23
3851,1
3852,10
3853,7
3854,5
3855,16
3856,8
3857,7
3858,2
3859,6
3860,24
3861,13
3862,8
3863,14
3864,2
3865,13
3866,19
3867,1
3868,7
3869,7
3870,17
3871,3
3872,12
3873,2
3874,7
3875,23
3876,7
3877,9
3878,18
3879,5
3880,1
3881,15
3882,6
3883,4
3884,5
3885,13
3886,18
3887,26
3888,2
3889,2
3890,23
3891,6
3892,1
3893,10
3894,24
3895,14
3896,6
3897,10
3898,0
3899,6
3900,6
3901,14
3902,13
3903,14
3904,3
3905,6
3906,4
3907,1
3908,16
3909,8
3910,20
3911,21
3912,1
3913,13
3914,8
3915,0
3916,21
3917,13
3918,12
3919,6
3920,0
3921,10
3922,13
3923,23
3924,22
3925,10
3926,3
3927,0
3928,0
3929,17
3930,2
3931,18
3932,18
3933,12
3934,15
3935,6
3936,16
3937,1
3938,6
3939,22
3940,2
3941,0
3942,18
3943,1
3944,6
3945,14
3946,17
3947,5
3948,18
3949,21
3950,1
3951,23
3952,12
3953,23
3954,20
3955,1
3956,9
3957,13
3958,0
3959,1
3960,9
3961,13
3962,1
3963,27
3964,13
3965,0
3966,13
3967,16
3968,5
3969,23
3970,6
3971,9
3972,10
3973,25
3974,24
3975,1
3976,26
3977,12
3978,22
3979,3
3980,20
3981,22
3982,13
3983,22
3984,7
3985,14
3986,12
3987,0
3988,0
3989,2
3990,15
3991,13
3992,5
3993,0
3994,1
3995,0
3996,7
3997,23
3998,7
3999,12
4000,1
4001,0
4002,0
4003,20
4004,12
4005,10
4006,1
4007,14
4008,12
4009,14
4010,4
4011,18
4012,1
4013,13
4014,17
4015,0
4016,7
4017,13
4018,10
4019,4
4020,16
4021,13
4022,23
4023,18
4024,14
4025,17
4026,14
4027,22
4028,0
4029,2
4030,15
4031,4
4032,2
4033,16
4034,19
4035,9
4036,5
4037,18
4038,19
4039,7
4040,23
4041,26
4042,2
4043,19
4044,17
4045,6
4046,1
4047,27
4048,11
4049,5
4050,26
4051,6
4052,9
4053,26
4054,27
4055,10
4056,14
4057,1
4058,6
4059,12
4060,22
4061,22
4062,18
4063,13
4064,25
4065,23
4066,6
4067,2
4068,7
4069,9
4070,18
4071,25
4072,7
4073,23
4074,10
4075,14
4076,1
4077,23
4078,0
4079,2
4080,18
4081,2
4082,9
4083,9
4084,10
4085,7
4086,16
4087,1
4088,10
4089,0
4090,2
4091,4
4092,14
4093,1
4094,13
4095,23
4096,3
4097,14
4098,8
4099,3
4100,17
4101,23
4102,18
4103,25
4104,0
4105,2
4106,8
4107,13
4108,15
4109,13
4110,8
4111,25
4112,14
4113,10
4114,10
4115,16
4116,8
4117,7
4118,3
4119,5
4120,2
4121,6
4122,14
4123,0
4124,9
4125,23
4126,7
4127,2
4128,25
4129,10
4130,8
4131,23
4132,2
4133,21
4134,2
4135,14
4136,12
4137,13
4138,7
4139,20
4140,16
4141,23
4142,0
4143,25
4144,1
4145,13
4146,1
4147,27
4148,7
4149,2
4150,12
4151,13
4152,6
4153,0
4154,0
4155,13
4156,17
4157,14
4158,3
4159,15
4160,6
4161,6
4162,3
4163,0
4164,1
4165,1
4166,15
4167,9
4168,9
4169,19
4170,7
4171,2
4172,14
4173,12
4174,0
4175,12
4176,13
4177,16
4178,13
4179,10
4180,12
4181,10
4182,1
4183,0
4184,4
4185,2
4186,7
4187,7
4188,3
4189,0
4190,14
4191,0
4192,1
4193,10
4194,12
4195,6
4196,5
4197,6
4198,25
4199,4
4200,15
4201,5
4202,6
4203,6
4204,16
4205,27
4206,14
4207,0
4208,10
4209,26
4210,7
4211,9
4212,5
4213,10
4214,13
4215,10
4216,2
4217,10
4218,10
4219,17
4220,10
4221,22
4222,21
4223,3
4224,2
4225,0
4226,13
4227,13
4228,6
4229,23
4230,10
4231,1
4232,10
4233,26
4234,5
4235,19
4236,23
4237,6
4238,0
4239,10
4240,0
4241,3
4242,9
4243,10
4244,11
4245,20
4246,7
4247,7
4248,15
4249,13
4250,6
4251,4
4252,19
4253,6
4254,1
4255,9
4256,5
4257,27
4258,7
4259,16
4260,5
4261,10
4262,10
4263,2
4264,10
4265,10
4266,22
4267,7
4268,0
4269,20
4270,13
4271,9
4272,2
4273,7
4274,21
4275,15
4276,12
4277,23
4278,10
4279,5
4280,0
4281,5
4282,4
4283,4
4284,2
4285,18
4286,23
4287,0
4288,16
4289,3
4290,1
4291,21
4292,23
4293,21
4294,22
4295,4
4296,14
4297,25
4298,5
4299,27
4300,9
4301,4
4302,20
4303,8
4304,9
4305,19
4306,24
4307,0
4308,5
4309,15
4310,16
4311,21
4312,4
4313,24
4314,6
4315,4
4316,0
4317,18
4318,16
4319,26
4320,0
4321,16
4322,1
4323,7
4324,10
4325,1
4326,7
4327,14
4328,1
4329,6
4330,21
4331,6
4332,7
4333,21
4334,24
4335,8
4336,5
4337,22
4338,5
4339,27
4340,23
4341,1
4342,2
4343,1
4344,0
4345,0
4346,11
4347,9
4348,1
4349,16
4350,18
4351,18
4352,1
4353,14
4354,0
4355,10
4356,25
4357,7
4358,15
4359,25
4360,13
4361,5
4362,18
4363,21
4364,17
4365,20
4366,2
4367,8
4368,27
4369,10
4370,24
4371,22
4372,13
4373,19
4374,0
4375,16
4376,14
4377,0
4378,12
4379,4
4380,6
4381,13
4382,11
4383,14
4384,21
4385,13
4386,6
4387,8
4388,7
4389,2
4390,3
4391,19
4392,7
4393,0
4394,13
4395,14
4396,14
4397,7
4398,10
4399,7
4400,7
4401,23
4402,16
4403,21
4404,10
4405,19
4406,24
4407,21
4408,2
4409,7
4410,0
4411,10
4412,0
4413,3
4414,14
4415,0
4416,0
4417,11
4418,12
4419,14
4420,2
4421,12
4422,23
4423,23
4424,18
4425,2
4426,6
4427,12
4428,2
4429,10
4430,6
4431,0
4432,14
4433,26
4434,24
4435,10
4436,6
4437,6
4438,20
4439,15
4440,22
4441,2
4442,3
4443,0
4444,3
4445,3
4446,7
4447,1
4448,1
4449,2
4450,6
4451,25
4452,6
4453,13
4454,12
4455,3
4456,10
4457,0
4458,27
4459,0
4460,9
4461,7
4462,25
4463,13
4464,12
4465,12
4466,14
4467,7
4468,5
4469,4
4470,21
4471,16
4472,15
4473,6
4474,9
4475,14
4476,15
4477,8
4478,0
4479,21
4480,9
4481,22
4482,20
4483,14
4484,13
4485,14
4486,7
4487,9
4488,0
4489,1
4490,8
4491,13
4492,10
4493,13
4494,6
4495,20
4496,10
4497,10
4498,3
4499,0
4500,7
4501,19
4502,16
4503,14
4504,11
4505,3
4506,16
4507,24
4508,20
4509,18
4510,10
4511,8
4512,10
4513,6
4514,9
4515,13
4516,0
4517,24
4518,5
4519,16
4520,7
4521,27
4522,10
4523,6
4524,17
4525,13
4526,18
4527,22
4528,13
4529,16
4530,7
4531,2
4532,9
4533,7
4534,16
4535,5
4536,14
4537,5
4538,7
4539,19
4540,6
4541,9
4542,13
4543,6
4544,11
4545,10
4546,11
4547,22
4548,9
4549,10
4550,21
4551,16
4552,1
4553,7
4554,13
4555,18
4556,7
4557,11
4558,18
4559,5
4560,11
4561,4
4562,12
4563,23
4564,11
4565,0
4566,19
4567,16
4568,20
4569,7
4570,6
4571,1
4572,15
4573,27
4574,14
4575,24
4576,1
4577,7
4578,5
4579,0
4580,13
4581,1
4582,10
4583,22
4584,6
4585,0
4586,9
4587,2
4588,2
4589,8
4590,15
4591,6
4592,10
4593,27
4594,12
4595,19
4596,10
4597,1
4598,2
4599,7
4600,2
4601,10
4602,12
4603,2
4604,21
4605,12
4606,10
4607,22
4608,1
4609,7
4610,19
4611,25
4612,10
4613,5
4614,13
4615,14
4616,14
4617,10
4618,0
4619,6
4620,2
4621,9
4622,0
4623,22
4624,0
4625,17
4626,7
4627,13
4628,25
4629,17
4630,2
4631,16
4632,7
4633,22
4634,0
4635,25
4636,15
4637,0
4638,16
4639,12
4640,5
4641,6
4642,1
4643,5
4644,26
4645,25
4646,9
4647,8
4648,2
4649,10
4650,7
4651,8
4652,10
4653,18
4654,22
4655,15
4656,1
4657,11
4658,6
4659,18
4660,13
4661,10
4662,18
4663,14
4664,27
4665,8
4666,7
4667,22
4668,0
4669,17
4670,10
4671,1
4672,14
4673,6
4674,16
4675,27
4676,15
4677,13
4678,7
4679,2
4680,8
4681,23
4682,18
4683,14
4684,6
4685,14
4686,2
4687,22
4688,2
4689,15
4690,9
4691,5
4692,9
4693,13
4694,25
4695,7
4696,5
4697,23
4698,6
4699,4
4700,6
4701,27
4702,10
4703,7
4704,9
4705,14
4706,7
4707,6
4708,0
4709,12
4710,22
4711,16
4712,6
4713,4
4714,1
4715,0
4716,18
4717,23
4718,7
4719,14
4720,2
4721,1
4722,0
4723,10
4724,12
4725,21
4726,25
4727,3
4728,14
4729,12
4730,10
4731,20
4732,0
4733,10
4734,7
4735,15
4736,18
4737,3
4738,16
4739,12
4740,14
4741,19
4742,15
4743,22
4744,0
4745,16
4746,0
4747,5
4748,17
4749,12
4750,14
4751,14
4752,22
4753,12
4754,6
4755,4
4756,7
4757,13
4758,16
4759,2
4760,12
4761,17
4762,7
4763,9
4764,17
4765,0
4766,1
4767,0
4768,10
4769,6
4770,16
4771,3
4772,6
4773,21
4774,12
4775,7
4776,16
4777,27
4778,5
4779,14
4780,25
4781,10
4782,0
4783,8
4784,8
4785,7
4786,6
4787,1
4788,12
4789,0
4790,1
4791,2
4792,12
4793,10
4794,7
4795,27
4796,7
4797,0
4798,1
4799,7
4800,14
4801,18
4802,15
4803,10
4804,10
4805,5
4806,2
4807,16
4808,5
4809,12
4810,22
4811,1
4812,10
4813,12
4814,25
4815,26
4816,0
4817,7
4818,6
4819,0
4820,13
4821,0
4822,1
4823,4
4824,6
4825,15
4826,6
4827,23
4828,8
4829,12
4830,4
4831,13
4832,3
4833,5
4834,0
4835,27
4836,14
4837,7
4838,6
4839,0
4840,10
4841,2
4842,25
4843,11
4844,10
4845,19
4846,7
4847,12
4848,8
4849,3
4850,1
4851,9
4852,27
4853,13
4854,9
4855,27
4856,6
4857,14
4858,10
4859,9
4860,0
4861,10
4862,2
4863,10
4864,4
4865,0
4866,7
4867,9
4868,6
4869,24
4870,0
4871,20
4872,2
4873,27
4874,10
4875,1
4876,7
4877,2
4878,26
4879,13
4880,10
4881,0
4882,6
4883,27
4884,13
4885,17
4886,9
4887,6
4888,15
4889,26
4890,11
4891,2
4892,10
4893,22
4894,13
4895,24
4896,27
4897,23
4898,6
4899,14
4900,17
4901,7
4902,9
4903,13
4904,0
4905,19
4906,0
4907,22
4908,25
4909,20
4910,6
4911,4
4912,9
4913,7
4914,19
4915,2
4916,18
4917,8
4918,17
4919,7
4920,0
4921,21
4922,10
4923,6
4924,8
4925,20
4926,4
4927,0
4928,19
4929,0
4930,14
4931,11
4932,17
4933,23
4934,16
4935,6
4936,6
4937,0
4938,20
4939,17
4940,1
4941,12
4942,23
4943,0
4944,13
4945,4
4946,25
4947,27
4948,18
4949,16
4950,3
4951,18
4952,20
4953,26
4954,16
4955,22
4956,9
4957,24
4958,13
4959,19
4960,7
4961,25
4962,9
4963,12
4964,7
4965,6
4966,1
4967,10
4968,13
4969,3
4970,3
4971,4
4972,1
4973,1
4974,7
4975,7
4976,0
4977,16
4978,3
4979,12
4980,0
4981,14
4982,10
4983,27
4984,4
4985,2
4986,16
4987,3
4988,7
4989,15
4990,0
4991,16
4992,26
4993,0
4994,26
4995,22
4996,20
4997,23
4998,7
4999,14
5000,10
5001,21
5002,0
5003,6
5004,27
5005,12
5006,4
5007,23
5008,24
5009,7
5010,6
5011,13
5012,14
5013,14
5014,14
5015,25
5016,9
5017,14
5018,16
5019,2
5020,11
5021,6
5022,10
5023,2
5024,9
5025,10
5026,4
5027,2
5028,23
5029,5
5030,13
5031,24
5032,19
5033,6
5034,7
5035,25
5036,3
5037,2
5038,1
5039,1
5040,4
5041,7
5042,6
5043,6
5044,6
5045,7
5046,0
5047,15
5048,0
5049,5
5050,1
5051,5
5052,13
5053,0
5054,23
5055,0
5056,5
5057,22
5058,7
5059,3
5060,7
5061,13
5062,21
5063,2
5064,9
5065,6
5066,3
5067,14
5068,26
5069,7
5070,18
5071,23
5072,13
5073,26
5074,2
5075,7
5076,27
5077,0
5078,18
5079,10
5080,4
5081,11
5082,10
5083,5
5084,10
5085,0
5086,16
5087,22
5088,2
5089,26
5090,6
5091,15
5092,6
5093,1
5094,23
5095,10
5096,14
5097,7
5098,17
5099,11
5100,0
5101,16
5102,23
5103,16
5104,0
5105,13
5106,2
5107,0
5108,23
5109,20
5110,16
5111,22
5112,11
5113,18
5114,13
5115,10
5116,16
5117,7
5118,6
5119,3
5120,13
5121,0
5122,15
5123,6
5124,1
5125,6
5126,25
5127,0
5128,7
5129,17
5130,2
5131,2
5132,10
5133,24
5134,7
5135,16
5136,20
5137,9
5138,4
5139,27
5140,6
5141,5
5142,10
5143,2
5144,7
5145,10
5146,2
5147,4
5148,10
5149,18
5150,23
5151,2
5152,7
5153,12
5154,6
5155,0
5156,15
5157,9
5158,8
5159,10
5160,15
5161,27
5162,20
5163,17
5164,16
5165,10
5166,3
5167,1
5168,18
5169,10
5170,13
5171,22
5172,10
5173,1
5174,18
5175,17
5176,0
5177,6
5178,3
5179,13
5180,18
5181,9
5182,7
5183,5
5184,10
5185,26
5186,7
5187,5
5188,24
5189,14
5190,18
5191,1
5192,24
5193,5
5194,10
5195,10
5196,7
5197,13
5198,22
5199,0
5200,23
5201,9
5202,15
5203,18
5204,10
5205,27
5206,26
5207,15
5208,17
5209,13
5210,6
5211,13
5212,6
5213,0
5214,26
5215,10
5216,9
5217,1
5218,19
5219,13
5220,25
5221,14
5222,6
5223,0
5224,1
5225,27
5226,20
5227,21
5228,4
5229,26
5230,16
5231,18
5232,1
5233,2
5234,12
5235,1
5236,13
5237,20
5238,7
5239,9
5240,10
5241,5
5242,10
5243,7
5244,27
5245,16
5246,6
5247,7
5248,2
5249,18
5250,25
5251,7
5252,15
5253,21
5254,12
5255,20
5256,25
5257,26
5258,10
5259,6
5260,7
5261,4
5262,9
5263,25
5264,12
5265,5
5266,5
5267,2
5268,2
5269,13
5270,5
5271,1
5272,3
5273,23
5274,12
5275,7
5276,19
5277,16
5278,10
5279,1
5280,19
5281,9
5282,14
5283,13
5284,6
5285,13
5286,10
5287,21
5288,0
5289,9
5290,9
5291,10
5292,25
5293,13
5294,16
5295,9
5296,0
5297,5
5298,13
5299,0
5300,4
5301,23
5302,15
5303,13
5304,2
5305,6
5306,9
5307,12
5308,9
5309,3
5310,10
5311,9
5312,3
5313,12
5314,7
5315,17
5316,4
5317,13
5318,8
5319,1
5320,23
5321,8
5322,0
5323,26
5324,16
5325,18
5326,0
5327,0
5328,0
5329,23
5330,7
5331,1
5332,14
5333,2
5334,7
5335,15
5336,0
5337,16
5338,14
5339,12
5340,16
5341,13
5342,18
5343,13
5344,20
5345,9
5346,14
5347,10
5348,26
5349,6
5350,7
5351,4
5352,9
5353,23
5354,15
5355,12
5356,0
5357,13
5358,18
5359,6
5360,0
5361,13
5362,0
5363,2
5364,16
5365,6
5366,23
5367,3
5368,25
5369,16
5370,13
5371,1
5372,26
5373,26
5374,6
5375,10
5376,22
5377,8
5378,14
5379,6
5380,6
5381,13
5382,2
5383,26
5384,1
5385,7
5386,1
5387,12
5388,10
5389,2
5390,18
5391,18
5392,10
5393,11
5394,22
5395,20
5396,10
5397,4
5398,5
5399,13
5400,8
5401,15
5402,22
5403,10
5404,20
5405,13
5406,14
5407,5
5408,6
5409,10
5410,3
5411,16
5412,27
5413,5
5414,17
5415,6
5416,19
5417,1
5418,15
5419,11
5420,27
5421,4
5422,18
5423,27
5424,9
5425,16
5426,5
5427,0
5428,4
5429,24
5430,6
5431,15
5432,0
5433,7
5434,20
5435,12
5436,6
5437,0
5438,1
5439,7
5440,12
5441,5
5442,17
5443,18
5444,13
5445,2
5446,6
5447,6
5448,13
5449,19
5450,7
5451,16
5452,8
5453,2
5454,12
5455,2
5456,7
5457,17
5458,2
5459,25
5460,6
5461,18
5462,12
5463,16
5464,14
5465,13
5466,0
5467,21
5468,5
5469,6
5470,0
5471,5
5472,13
5473,6
5474,25
5475,1
5476,10
5477,16
5478,18
5479,15
5480,23
5481,19
5482,13
5483,5
5484,13
5485,13
5486,8
5487,13
5488,10
5489,19
5490,13
5491,3
5492,9
5493,36
5494,10
5495,0
5496,6
5497,10
5498,7
5499,15
5500,7
5501,18
5502,7
5503,6
5504,21
5505,7
5506,12
5507,20
5508,10
5509,18
5510,0
5511,13
5512,25
5513,13
5514,23
5515,7
5516,8
5517,11
5518,4
5519,2
5520,15
5521,25
5522,8
5523,15
5524,0
5525,6
5526,27
5527,25
5528,6
5529,4
5530,7
5531,10
5532,6
5533,7
5534,13
5535,2
5536,1
5537,13
5538,13
5539,23
5540,12
5541,9
5542,11
5543,10
5544,0
5545,0
5546,6
5547,11
5548,2
5549,12
5550,10
5551,7
5552,1
5553,15
5554,13
5555,8
5556,4
5557,23
5558,9
5559,19
5560,17
5561,4
5562,7
5563,9
5564,13
5565,26
5566,5
5567,26
5568,22
5569,21
5570,6
5571,4
5572,7
5573,13
5574,15
5575,19
5576,27
5577,1
5578,11
5579,0
5580,4
5581,8
5582,12
5583,0
5584,10
5585,7
5586,2
5587,7
5588,3
5589,2
5590,9
5591,21
5592,15
5593,0
5594,8
5595,26
5596,2
5597,16
5598,13
5599,10
5600,26
5601,7
5602,20
5603,26
5604,10
5605,12
5606,21
5607,0
5608,26
5609,12
5610,2
5611,10
5612,14
5613,0
5614,15
5615,1
5616,8
5617,4
5618,13
5619,6
5620,8
5621,7
5622,10
5623,13
5624,1
5625,12
5626,15
5627,7
5628,4
5629,1
5630,24
5631,6
5632,2
5633,10
5634,14
5635,14
5636,0
5637,18
5638,1
5639,0
5640,27
5641,3
5642,6
5643,14
5644,5
5645,1
5646,26
5647,11
5648,7
5649,2
5650,8
5651,11
5652,25
5653,10
5654,6
5655,7
5656,11
5657,10
5658,21
5659,23
5660,14
5661,27
5662,13
5663,23
5664,18
5665,7
5666,2
5667,14
5668,12
5669,7
5670,5
5671,7
5672,25
5673,6
5674,6
5675,23
5676,23
5677,23
5678,0
5679,1
5680,11
5681,6
5682,15
5683,3
5684,4
5685,0
5686,20
5687,9
5688,18
5689,15
5690,1
5691,2
5692,6
5693,5
5694,6
5695,12
5696,22
5697,2
5698,26
5699,13
5700,0
5701,4
5702,21
5703,10
5704,1
5705,7
5706,6
5707,21
5708,18
5709,0
5710,23
5711,9
5712,17
5713,18
5714,10
5715,5
5716,19
5717,26
5718,13
5719,3
5720,22
5721,5
5722,0
5723,18
5724,4
5725,3
5726,10
5727,10
5728,4
5729,10
5730,0
5731,22
5732,18
5733,6
5734,5
5735,22
5736,26
5737,13
5738,0
5739,13
5740,8
5741,13
5742,13
5743,5
5744,10
5745,11
5746,1
5747,10
5748,7
5749,14
5750,7
5751,16
5752,14
5753,15
5754,7
5755,2
5756,2
5757,9
5758,10
5759,14
5760,1
5761,6
5762,26
5763,18
5764,3
5765,10
5766,16
5767,1
5768,12
5769,22
5770,25
5771,23
5772,24
5773,7
5774,10
5775,4
5776,22
5777,0
5778,19
5779,1
5780,16
5781,13
5782,3
5783,20
5784,12
5785,15
5786,17
5787,11
5788,13
5789,5
5790,16
5791,15
5792,3
5793,7
5794,22
5795,10
5796,10
5797,9
5798,7
5799,14
5800,15
5801,23
5802,0
5803,6
5804,7
5805,7
5806,13
5807,5
5808,8
5809,16
5810,2
5811,6
5812,21
5813,15
5814,14
5815,7
5816,11
5817,0
5818,1
5819,10
5820,16
5821,9
5822,23
5823,13
5824,26
5825,8
5826,18
5827,7
5828,26
5829,6
5830,13
5831,5
5832,0
5833,9
5834,13
5835,0
5836,1
5837,4
5838,0
5839,6
5840,12
5841,12
5842,9
5843,13
5844,15
5845,1
5846,7
5847,0
5848,19
5849,5
5850,26
5851,17
5852,9
5853,4
5854,3
5855,7
5856,8
5857,26
5858,0
5859,21
5860,13
5861,16
5862,21
5863,26
5864,9
5865,9
5866,6
5867,0
5868,15
5869,8
5870,13
5871,23
5872,5
5873,13
5874,2
5875,27
5876,14
5877,26
5878,13
5879,14
5880,13
5881,16
5882,10
5883,27
5884,6
5885,7
5886,24
5887,21
5888,13
5889,0
5890,0
5891,27
5892,23
5893,7
5894,0
5895,12
5896,15
5897,1
5898,21
5899,0
5900,27
5901,6
5902,21
5903,21
5904,21
5905,18
5906,16
5907,15
5908,13
5909,3
5910,3
5911,2
5912,5
5913,15
5914,8
5915,17
5916,16
5917,2
5918,9
5919,15
5920,12
5921,23
5922,27
5923,0
5924,19
5925,10
5926,1
5927,6
5928,0
5929,18
5930,5
5931,22
5932,27
5933,22
5934,13
5935,21
5936,21
5937,6
5938,6
5939,2
5940,14
5941,2
5942,26
5943,27
5944,15
5945,13
5946,8
5947,19
5948,12
5949,37
5950,23
5951,0
5952,21
5953,15
5954,2
5955,15
5956,1
5957,4
5958,6
5959,10
5960,5
5961,18
5962,2
5963,10
5964,20
5965,12
5966,17
5967,0
5968,0
5969,12
5970,13
5971,6
5972,12
5973,8
5974,12
5975,15
5976,1
5977,24
5978,1
5979,9
5980,7
5981,13
5982,10
5983,22
5984,13
5985,0
5986,22
5987,17
5988,24
5989,4
5990,0
5991,10
5992,13
5993,27
5994,13
5995,10
5996,4
5997,16
5998,23
5999,0
6000,16
6001,22
6002,12
6003,1
6004,13
6005,10
6006,18
6007,13
6008,19
6009,23
6010,27
6011,27
6012,15
6013,1
6014,4
6015,2
6016,7
6017,27
6018,0
6019,5
6020,15
6021,15
6022,3
6023,23
6024,21
6025,4
6026,15
6027,25
6028,13
6029,5
6030,5
6031,20
6032,7
6033,22
6034,7
6035,10
6036,25
6037,13
6038,3
6039,6
6040,13
6041,9
6042,13
6043,25
6044,4
6045,10
6046,19
6047,15
6048,16
6049,11
6050,2
6051,12
6052,23
6053,3
6054,14
6055,13
6056,4
6057,2
6058,10
6059,5
6060,26
6061,0
6062,2
6063,10
6064,5
6065,7
6066,0
6067,3
6068,9
6069,10
6070,12
6071,10
6072,13
6073,9
6074,16
6075,10
6076,7
6077,15
6078,2
6079,10
6080,3
6081,18
6082,23
6083,5
6084,22
6085,18
6086,12
6087,23
6088,0
6089,14
6090,38
6091,14
6092,20
6093,21
6094,2
6095,2
6096,7
6097,1
6098,15
6099,26
6100,9
6101,4
6102,17
6103,0
6104,16
6105,15
6106,6
6107,6
6108,21
6109,6
6110,20
6111,22
6112,14
6113,5
6114,26
6115,1
6116,5
6117,5
6118,23
6119,10
6120,15
6121,6
6122,1
6123,13
6124,27
6125,14
6126,6
6127,13
6128,20
6129,8
6130,6
6131,15
6132,0
6133,17
6134,18
6135,23
6136,0
6137,2
6138,8
6139,23
6140,2
6141,10
6142,15
6143,14
6144,19
6145,23
6146,10
6147,21
6148,5
6149,18
6150,9
6151,10
6152,16
6153,19
6154,7
6155,22
6156,6
6157,2
6158,10
6159,13
6160,26
6161,13
6162,6
6163,24
6164,17
6165,2
6166,12
6167,23
6168,0
6169,6
6170,5
6171,22
6172,17
6173,4
6174,13
6175,2
6176,15
6177,10
6178,14
6179,23
6180,0
6181,14
6182,19
6183,7
6184,24
6185,7
6186,0
6187,6
6188,14
6189,15
6190,9
6191,14
6192,25
6193,8
6194,23
6195,5
6196,18
6197,9
6198,15
6199,20
6200,13
6201,16
6202,7
6203,25
6204,27
6205,0
6206,2
6207,10
6208,12
6209,0
6210,2
6211,17
6212,13
6213,12
6214,1
6215,10
6216,2
6217,5
6218,10
6219,18
6220,1
6221,0
6222,9
6223,16
6224,11
6225,10
6226,8
6227,2
6228,4
6229,19
6230,10
6231,8
6232,16
6233,13
6234,18
6235,13
6236,2
6237,17
6238,23
6239,0
6240,9
6241,2
6242,4
6243,13
6244,0
6245,27
6246,26
6247,0
6248,25
6249,5
6250,10
6251,14
6252,6
6253,3
6254,21
6255,19
6256,7
6257,13
6258,18
6259,12
6260,7
6261,5
6262,18
6263,7
6264,16
6265,7
6266,1
6267,1
6268,2
6269,10
6270,18
6271,11
6272,14
6273,21
6274,7
6275,27
6276,13
6277,21
6278,2
6279,25
6280,10
6281,7
6282,7
6283,14
6284,4
6285,7
6286,7
6287,12
6288,0
6289,24
6290,25
6291,25
6292,6
6293,20
6294,19
6295,6
6296,18
6297,0
6298,27
6299,7
6300,21
6301,6
6302,20
6303,18
6304,20
6305,3
6306,0
6307,9
6308,7
6309,6
6310,10
6311,21
6312,6
6313,6
6314,23
6315,27
6316,10
6317,12
6318,13
6319,0
6320,12
6321,19
6322,13
6323,0
6324,13
6325,26
6326,7
6327,2
6328,21
6329,0
6330,7
6331,20
6332,2
6333,13
6334,13
6335,5
6336,14
6337,6
6338,10
6339,7
6340,2
6341,23
6342,11
6343,20
6344,2
6345,21
6346,17
6347,17
6348,21
6349,2
6350,2
6351,9
6352,5
6353,10
6354,13
6355,2
6356,22
6357,22
6358,1
6359,16
6360,0
6361,4
6362,12
6363,4
6364,9
6365,23
6366,4
6367,6
6368,7
6369,21
6370,17
6371,16
6372,27
6373,22
6374,2
6375,5
6376,0
6377,14
6378,12
6379,6
6380,4
6381,20
6382,20
6383,27
6384,12
6385,13
6386,0
6387,2
6388,3
6389,12
6390,16
6391,2
6392,14
6393,13
6394,24
6395,11
6396,10
6397,0
6398,18
6399,3
6400,5
6401,3
6402,9
6403,13
6404,17
6405,2
6406,2
6407,18
6408,6
6409,7
6410,1
6411,6
6412,25
6413,13
6414,4
6415,13
6416,7
6417,6
6418,22
6419,16
6420,6
6421,12
6422,3
6423,6
6424,14
6425,0
6426,10
6427,14
6428,7
6429,22
6430,0
6431,0
6432,26
6433,16
6434,9
6435,1
6436,25
6437,6
6438,25
6439,0
6440,2
6441,11
6442,15
6443,8
6444,7
6445,23
6446,27
6447,14
6448,22
6449,0
6450,23
6451,13
6452,7
6453,17
6454,20
6455,16
6456,10
6457,5
6458,5
6459,21
6460,10
6461,13
6462,0
6463,9
6464,14
6465,17
6466,18
6467,19
6468,25
6469,15
6470,0
6471,1
6472,7
6473,19
6474,8
6475,1
6476,5
6477,13
6478,13
6479,27
6480,16
6481,6
6482,7
6483,4
6484,14
6485,23
6486,12
6487,23
6488,1
6489,10
6490,16
6491,19
6492,24
6493,1
6494,14
6495,6
6496,2
6497,12
6498,27
6499,17
6500,1
6501,0
6502,4
6503,6
6504,2
6505,22
6506,3
6507,6
6508,2
6509,3
6510,0
6511,13
6512,10
6513,9
6514,5
6515,3
6516,21
6517,3
6518,23
6519,15
6520,10
6521,2
6522,17
6523,16
6524,2
6525,1
6526,5
6527,9
6528,1
6529,9
6530,10
6531,23
6532,1
6533,1
6534,21
6535,6
6536,1
6537,18
6538,23
6539,9
6540,2
6541,24
6542,18
6543,24
6544,10
6545,1
6546,3
6547,0
6548,1
6549,12
6550,26
6551,23
6552,14
6553,2
6554,22
6555,0
6556,2
6557,22
6558,0
6559,21
6560,4
6561,1
6562,9
6563,6
6564,10
6565,5
6566,20
6567,16
6568,0
6569,5
6570,5
6571,23
6572,7
6573,23
6574,21
6575,23
6576,23
6577,13
6578,7
6579,20
6580,18
6581,20
6582,24
6583,7
6584,4
6585,10
6586,13
6587,18
6588,7
6589,3
6590,23
6591,27
6592,14
6593,9
6594,15
6595,17
6596,23
6597,2
6598,16
6599,5
6600,2
6601,27
6602,5
6603,19
6604,1
6605,8
6606,11
6607,24
6608,0
6609,1
6610,9
6611,12
6612,22
6613,18
6614,14
6615,12
6616,13
6617,6
6618,13
6619,1
6620,15
6621,13
6622,7
6623,6
6624,10
6625,13
6626,15
6627,3
6628,8
6629,12
6630,23
6631,7
6632,5
6633,15
6634,23
6635,0
6636,3
6637,8
6638,18
6639,24
6640,17
6641,0
6642,14
6643,17
6644,10
6645,12
6646,7
6647,13
6648,19
6649,23
6650,16
6651,15
6652,1
6653,13
6654,6
6655,7
6656,24
6657,18
6658,5
6659,22
6660,9
6661,15
6662,27
6663,23
6664,25
6665,24
6666,1
6667,7
6668,12
6669,12
6670,24
6671,5
6672,18
6673,9
6674,19
6675,1
6676,7
6677,14
6678,9
6679,0
6680,21
6681,10
6682,10
6683,1
6684,9
6685,5
6686,0
6687,7
6688,2
6689,0
6690,15
6691,21
6692,15
6693,9
6694,20
6695,10
6696,17
6697,16
6698,12
6699,10
6700,0
6701,6
6702,1
6703,16
6704,0
6705,9
6706,11
6707,26
6708,23
6709,2
6710,17
6711,13
6712,13
6713,12
6714,8
6715,15
6716,1
6717,23
6718,14
6719,23
6720,13
6721,10
6722,15
6723,7
6724,9
6725,25
6726,27
6727,6
6728,20
6729,6
6730,16
6731,7
6732,19
6733,16
6734,15
6735,23
6736,23
6737,12
6738,6
6739,21
6740,15
6741,0
6742,23
6743,13
6744,3
6745,20
6746,23
6747,8
6748,16
6749,2
6750,5
6751,15
6752,12
6753,22
6754,15
6755,15
6756,16
6757,2
6758,27
6759,11
6760,3
6761,16
6762,7
6763,9
6764,13
6765,10
6766,9
6767,23
6768,8
6769,10
6770,21
6771,27
6772,12
6773,9
6774,2
6775,18
6776,0
6777,2
6778,19
6779,23
6780,6
6781,13
6782,11
6783,3
6784,12
6785,25
6786,8
6787,0
6788,2
6789,7
6790,13
6791,21
6792,27
6793,23
6794,0
6795,1
6796,7
6797,23
6798,23
6799,16
6800,12
6801,12
6802,7
6803,5
6804,14
6805,5
6806,22
6807,16
6808,1
6809,1
6810,20
6811,23
6812,10
6813,17
6814,14
6815,10
6816,2
6817,20
6818,24
6819,14
6820,10
6821,6
6822,3
6823,2
6824,7
6825,18
6826,17
6827,12
6828,16
6829,20
6830,7
6831,1
6832,23
6833,24
6834,23
6835,10
6836,6
6837,6
6838,6
6839,10
6840,10
6841,5
6842,6
6843,3
6844,2
6845,2
6846,21
6847,26
6848,3
6849,22
6850,7
6851,23
6852,25
6853,10
6854,7
6855,0
6856,12
6857,23
6858,10
6859,25
6860,6
6861,20
6862,20
6863,3
6864,7
6865,2
6866,21
6867,17
6868,20
6869,26
6870,7
6871,7
6872,0
6873,2
6874,16
6875,15
6876,8
6877,7
6878,25
6879,0
6880,17
6881,15
6882,19
6883,10
6884,26
6885,0
6886,18
6887,10
6888,6
6889,25
6890,14
6891,5
6892,4
6893,9
6894,26
6895,15
6896,19
6897,1
6898,10
6899,27
6900,3
6901,14
6902,20
6903,9
6904,23
6905,4
6906,20
6907,0
6908,10
6909,25
6910,12
6911,18
6912,18
6913,0
6914,9
6915,2
6916,6
6917,0
6918,3
6919,13
6920,1
6921,5
6922,5
6923,13
6924,9
6925,3
6926,10
6927,4
6928,6
6929,25
6930,10
6931,5
6932,4
6933,16
6934,8
6935,13
6936,26
6937,15
6938,6
6939,10
6940,9
6941,5
6942,18
6943,19
6944,7
6945,2
6946,12
6947,16
6948,1
6949,3
6950,7
6951,0
6952,6
6953,10
6954,7
6955,2
6956,14
6957,14
6958,26
6959,12
6960,9
6961,16
6962,16
6963,4
6964,0
6965,23
6966,9
6967,16
6968,5
6969,7
6970,8
6971,2
6972,9
6973,4
6974,6
6975,17
6976,7
6977,21
6978,20
6979,6
6980,1
6981,14
6982,11
6983,16
6984,21
6985,13
6986,7
6987,8
6988,15
6989,16
6990,1
6991,0
6992,5
6993,23
6994,10
6995,10
6996,0
6997,13
6998,7
6999,6
7000,15
7001,12
7002,18
7003,13
7004,16
7005,25
7006,0
7007,13
7008,7
7009,10
7010,11
7011,0
7012,22
7013,2
7014,25
7015,20
7016,10
7017,2
7018,13
7019,16
7020,10
7021,23
7022,15
7023,9
7024,27
7025,13
7026,5
7027,18
7028,15
7029,9
7030,12
7031,39
7032,15
7033,11
7034,18
7035,23
7036,24
7037,1
7038,5
7039,16
7040,15
7041,6
7042,2
7043,6
7044,24
7045,1
7046,13
7047,5
7048,10
7049,21
7050,2
7051,0
7052,21
7053,18
7054,14
7055,10
7056,12
7057,27
7058,13
7059,20
7060,12
7061,16
7062,0
7063,6
7064,13
7065,18
7066,7
7067,7
7068,10
7069,16
7070,6
7071,2
7072,11
7073,15
7074,13
7075,16
7076,6
7077,14
7078,18
7079,20
7080,16
7081,12
7082,11
7083,0
7084,20
7085,13
7086,2
7087,4
7088,12
7089,23
7090,2
7091,4
7092,22
7093,23
7094,9
7095,13
7096,17
7097,1
7098,13
7099,25
7100,13
7101,0
7102,0
7103,13
7104,1
7105,13
7106,23
7107,1
7108,10
7109,13
7110,1
7111,19
7112,18
7113,3
7114,0
7115,14
7116,6
7117,14
7118,14
7119,5
7120,15
7121,3
7122,2
7123,6
7124,13
7125,25
7126,22
7127,7
7128,19
7129,8
7130,25
7131,27
7132,9
7133,9
7134,19
7135,10
7136,10
7137,10
7138,23
7139,13
7140,5
7141,2
7142,10
7143,25
7144,3
7145,10
7146,5
7147,5
7148,1
7149,10
7150,0
7151,6
7152,13
7153,7
7154,6
7155,2
7156,5
7157,27
7158,0
7159,17
7160,1
7161,1
7162,14
7163,7
7164,22
7165,2
7166,0
7167,21
7168,25
7169,4
7170,12
7171,16
7172,0
7173,15
7174,9
7175,0
7176,5
7177,14
7178,18
7179,11
7180,15
7181,15
7182,14
7183,3
7184,19
7185,5
7186,14
7187,8
7188,7
7189,11
7190,2
7191,10
7192,1
7193,13
7194,7
7195,9
7196,27
7197,14
7198,26
7199,15
7200,7
7201,6
7202,4
7203,7
7204,10
7205,24
7206,20
7207,17
7208,21
7209,15
7210,0
7211,10
7212,13
7213,26
7214,9
7215,9
7216,18
7217,15
7218,1
7219,21
7220,12
7221,2
7222,12
7223,23
7224,13
7225,7
7226,13
7227,21
7228,2
7229,5
7230,1
7231,13
7232,2
7233,12
7234,10
7235,13
7236,24
7237,18
7238,0
7239,25
7240,20
7241,7
7242,6
7243,7
7244,16
7245,0
7246,9
7247,6
7248,24
7249,11
7250,14
7251,13
7252,15
7253,16
7254,2
7255,3
7256,13
7257,16
7258,16
7259,13
7260,0
7261,0
7262,16
7263,15
7264,15
7265,17
7266,13
7267,1
7268,4
7269,14
7270,0
7271,7
7272,27
7273,40
7274,6
7275,5
7276,14
7277,9
7278,4
7279,0
7280,6
7281,15
7282,22
7283,16
7284,2
7285,9
7286,12
7287,2
7288,4
7289,18
7290,10
7291,7
7292,13
7293,21
7294,23
7295,6
7296,1
7297,8
7298,11
7299,12
7300,10
7301,23
7302,6
7303,5
7304,9
7305,7
7306,26
7307,4
7308,24
7309,18
7310,9
7311,3
7312,12
7313,18
7314,9
7315,22
7316,9
7317,10
7318,13
7319,23
7320,8
7321,19
7322,26
7323,6
7324,18
7325,16
7326,11
7327,3
7328,26
7329,1
7330,7
7331,14
7332,25
7333,13
7334,10
7335,14
7336,0
7337,19
7338,0
7339,10
7340,1
7341,10
7342,3
7343,16
7344,6
7345,11
7346,21
7347,20
7348,6
7349,13
7350,3
7351,14
7352,23
7353,16
7354,10
7355,23
7356,20
7357,20
7358,41
7359,5
7360,1
7361,19
7362,15
7363,9
7364,15
7365,9
7366,14
7367,2
7368,6
7369,21
7370,7
7371,0
7372,0
7373,0
7374,6
7375,3
7376,6
7377,6
7378,15
7379,1
7380,6
7381,8
7382,10
7383,18
7384,6
7385,7
7386,1
7387,7
7388,19
7389,12
7390,17
7391,6
7392,7
7393,19
7394,1
7395,20
7396,15
7397,6
7398,22
7399,19
7400,1
7401,0
7402,23
7403,6
7404,2
7405,26
7406,13
7407,2
7408,3
7409,4
7410,1
7411,15
7412,0
7413,10
7414,23
7415,1
7416,12
7417,4
7418,14
7419,12
7420,8
7421,3
7422,3
7423,0
7424,24
7425,4
7426,16
7427,15
7428,2
7429,15
7430,13
7431,2
7432,15
7433,11
7434,0
7435,3
7436,24
7437,10
7438,21
7439,18
7440,5
7441,12
7442,10
7443,3
7444,27
7445,16
7446,23
7447,7
7448,9
7449,15
7450,2
7451,23
7452,6
7453,26
7454,2
7455,4
7456,23
7457,10
7458,16
7459,27
7460,26
7461,10
7462,7
7463,9
7464,23
7465,3
7466,1
7467,13
7468,0
7469,5
7470,6
7471,7
7472,5
7473,5
7474,6
7475,7
7476,2
7477,20
7478,15
7479,15
7480,3
7481,9
7482,26
7483,10
7484,25
7485,7
7486,10
7487,7
7488,10
7489,11
7490,7
7491,20
7492,17
7493,7
7494,6
7495,7
7496,27
7497,1
7498,15
7499,14
7500,2
7501,11
7502,27
7503,4
7504,6
7505,27
7506,5
7507,10
7508,3
7509,13
7510,26
7511,15
7512,18
7513,9
7514,18
7515,0
7516,17
7517,18
7518,20
7519,6
7520,13
7521,12
7522,13
7523,3
7524,1
7525,2
7526,11
7527,5
7528,13
7529,7
7530,1
7531,8
7532,6
7533,7
7534,7
7535,2
7536,13
7537,10
7538,4
7539,11
7540,22
7541,6
7542,2
7543,23
7544,5
7545,11
7546,10
7547,10
7548,27
7549,0
7550,9
7551,0
7552,5
7553,0
7554,13
7555,12
7556,11
7557,10
7558,1
7559,16
7560,23
7561,22
7562,2
7563,9
7564,27
7565,23
7566,6
7567,18
7568,27
7569,16
7570,21
7571,18
7572,23
7573,9
7574,1
7575,19
7576,23
7577,20
7578,6
7579,2
7580,21
7581,6
7582,21
7583,11
7584,7
7585,19
7586,9
7587,5
7588,23
7589,6
7590,10
7591,15
7592,13
7593,21
7594,7
7595,6
7596,10
7597,7
7598,0
7599,1
7600,6
7601,0
7602,6
7603,1
7604,18
7605,5
7606,6
7607,15
7608,9
7609,0
7610,6
7611,6
7612,9
7613,26
7614,9
7615,6
7616,2
7617,17
7618,7
7619,13
7620,17
7621,6
7622,5
7623,18
7624,1
7625,5
7626,2
7627,15
7628,16
7629,1
7630,7
7631,22
7632,26
7633,15
7634,16
7635,13
7636,16
7637,3
7638,1
7639,22
7640,16
7641,13
7642,7
7643,13
7644,20
7645,16
7646,1
7647,24
7648,26
7649,27
7650,10
7651,7
7652,13
7653,10
7654,3
7655,2
7656,4
7657,7
7658,10
7659,19
7660,10
7661,16
7662,22
7663,13
7664,19
7665,13
7666,10
7667,22
7668,9
7669,10
7670,13
7671,17
7672,10
7673,6
7674,10
7675,25
7676,23
7677,1
7678,22
7679,14
7680,23
7681,22
7682,13
7683,17
7684,24
7685,14
7686,22
7687,19
7688,6
7689,24
7690,6
7691,6
7692,7
7693,7
7694,27
7695,4
7696,10
7697,1
7698,6
7699,10
7700,27
7701,10
7702,20
7703,6
7704,13
7705,8
7706,10
7707,5
7708,10
7709,10
7710,22
7711,11
7712,2
7713,7
7714,18
7715,2
7716,13
7717,10
7718,6
7719,8
7720,5
7721,6
7722,10
7723,9
7724,1
7725,16
7726,25
7727,10
7728,13
7729,7
7730,2
7731,0
7732,9
7733,21
7734,5
7735,22
7736,13
7737,24
7738,0
7739,25
7740,12
7741,23
7742,9
7743,5
7744,9
7745,42
7746,27
7747,6
7748,13
7749,3
7750,6
7751,13
7752,10
7753,12
7754,7
7755,1
7756,5
7757,26
7758,0
7759,16
7760,9
7761,6
7762,26
7763,21
7764,25
7765,7
7766,8
7767,10
7768,26
7769,15
7770,6
7771,13
7772,2
7773,7
7774,7
7775,0
7776,26
7777,13
7778,7
7779,19
7780,7
7781,12
7782,8
7783,11
7784,12
7785,6
7786,7
7787,9
7788,25
7789,9
7790,0
7791,9
7792,14
7793,8
7794,19
7795,14
7796,7
7797,1
7798,5
7799,26
7800,6
7801,9
7802,23
7803,13
7804,13
7805,9
7806,17
7807,1
7808,12
7809,24
7810,0
7811,3
7812,22
7813,6
7814,7
7815,20
7816,6
7817,21
7818,6
7819,17
7820,16
7821,26
7822,7
7823,22
7824,9
7825,8
7826,24
7827,13
7828,16
7829,23
7830,24
7831,9
7832,10
7833,0
7834,6
7835,6
7836,18
7837,23
7838,9
7839,15
7840,13
7841,10
7842,23
7843,6
7844,16
7845,2
7846,2
7847,26
7848,22
7849,11
7850,9
7851,7
7852,26
7853,4
7854,10
7855,0
7856,7
7857,9
7858,26
7859,6
7860,10
7861,7
7862,8
7863,9
7864,12
7865,23
7866,6
7867,5
7868,1
7869,7
7870,3
7871,6
7872,2
7873,0
7874,22
7875,1
7876,2
7877,2
7878,25
7879,4
7880,0
7881,10
7882,18
7883,1
7884,0
7885,6
7886,6
7887,6
7888,9
7889,2
7890,10
7891,9
7892,7
7893,16
7894,0
7895,13
7896,2
7897,15
7898,7
7899,12
7900,0
7901,6
7902,14
7903,13
7904,2
7905,23
7906,16
7907,6
7908,24
7909,24
7910,1
7911,21
7912,12
7913,26
7914,7
7915,13
7916,12
7917,6
7918,24
7919,0
7920,12
7921,22
7922,23
7923,6
7924,0
7925,23
7926,6
7927,0
7928,8
7929,5
7930,26
7931,10
7932,7
7933,2
7934,10
7935,6
7936,10
7937,13
7938,6
7939,14
7940,12
7941,12
